image_id,mean_luminance,path_luminance,uniformity,dark_ratio,contrast,enclosure,svf,vegetation_ratio
training_panorama_test,,,,,,,,
scenario_A1_continuous_lighting,,,,,,,,
scenario_A2_dark_park_edge,,,,,,,,
scenario_A3_dark_corner,,,,,,,,
scenario_B1_clear_path,,,,,,,,
scenario_B2_dense_vegetation,,,,,,,,
scenario_B3_degraded_dark_edge,,,,,,,,
scenario_C1_clear_pedestrian_strip,,,,,,,,
scenario_C2_parked_car_occlusion,,,,,,,,
scenario_C3_obstructed_shared_street,,,,,,,,
scenario_D1_overview,,,,,,,,
scenario_D2_dark_interior_visible,,,,,,,,
scenario_D3_hidden_exit,,,,,,,,
scenario_E1_active_frontage,,,,,,,,
scenario_E2_closed_frontage,,,,,,,,
scenario_E3_closed_low_light,,,,,,,,
